<?xml version="1.0" encoding="UTF-8"?>
<GenRun Id="impl_1" LaunchPart="xc7z020clg484-1" LaunchTime="1704504200">
  <File Type="ROUTE-PWR" Name="project_design_wrapper_power_routed.rpt"/>
  <File Type="PA-TCL" Name="project_design_wrapper.tcl"/>
  <File Type="ROUTE-PWR-SUM" Name="project_design_wrapper_power_summary_routed.pb"/>
  <File Type="REPORTS-TCL" Name="project_design_wrapper_reports.tcl"/>
  <File Type="BITSTR-MSK" Name="project_design_wrapper.msk"/>
  <File Type="ROUTE-CLK" Name="project_design_wrapper_clock_utilization_routed.rpt"/>
  <File Type="RDI-RDI" Name="project_design_wrapper.vdi"/>
  <File Type="ROUTE-BUS-SKEW" Name="project_design_wrapper_bus_skew_routed.rpt"/>
  <File Type="PA-DCP" Name="project_design_wrapper.dcp"/>
  <File Type="BG-BIT" Name="project_design_wrapper.bit"/>
  <File Type="BG-DRC" Name="project_design_wrapper.drc"/>
  <File Type="BG-BGN" Name="project_design_wrapper.bgn"/>
  <File Type="BG-BIN" Name="project_design_wrapper.bin"/>
  <File Type="BITSTR-RBT" Name="project_design_wrapper.rbt"/>
  <File Type="BITSTR-NKY" Name="project_design_wrapper.nky"/>
  <File Type="BITSTR-BMM" Name="project_design_wrapper_bd.bmm"/>
  <File Type="BITSTR-MMI" Name="project_design_wrapper.mmi"/>
  <File Type="BITSTR-SYSDEF" Name="project_design_wrapper.sysdef"/>
  <File Type="BITSTR-LTX" Name="debug_nets.ltx"/>
  <File Type="BITSTR-LTX" Name="project_design_wrapper.ltx"/>
  <File Type="WBT-USG" Name="usage_statistics_webtalk.html"/>
  <File Type="OPT-DRC" Name="project_design_wrapper_drc_opted.rpt"/>
  <File Type="OPT-HWDEF" Name="project_design_wrapper.hwdef"/>
  <File Type="PLACE-IO" Name="project_design_wrapper_io_placed.rpt"/>
  <File Type="PLACE-UTIL" Name="project_design_wrapper_utilization_placed.rpt"/>
  <File Type="PLACE-UTIL-PB" Name="project_design_wrapper_utilization_placed.pb"/>
  <File Type="PLACE-CTRL" Name="project_design_wrapper_control_sets_placed.rpt"/>
  <File Type="PLACE-PRE-SIMILARITY" Name="project_design_wrapper_incremental_reuse_pre_placed.rpt"/>
  <File Type="ROUTE-DRC" Name="project_design_wrapper_drc_routed.rpt"/>
  <File Type="ROUTE-DRC-PB" Name="project_design_wrapper_drc_routed.pb"/>
  <File Type="ROUTE-PWR-RPX" Name="project_design_wrapper_power_routed.rpx"/>
  <File Type="ROUTE-STATUS" Name="project_design_wrapper_route_status.rpt"/>
  <File Type="ROUTE-STATUS-PB" Name="project_design_wrapper_route_status.pb"/>
  <File Type="ROUTE-DCP" Name="project_design_wrapper_routed.dcp"/>
  <File Type="ROUTE-ERROR-DCP" Name="project_design_wrapper_routed_error.dcp"/>
  <File Type="ROUTE-BLACKBOX-DCP" Name="project_design_wrapper_routed_bb.dcp"/>
  <File Type="ROUTE-TIMINGSUMMARY" Name="project_design_wrapper_timing_summary_routed.rpt"/>
  <File Type="ROUTE-TIMING-PB" Name="project_design_wrapper_timing_summary_routed.pb"/>
  <File Type="ROUTE-TIMING-RPX" Name="project_design_wrapper_timing_summary_routed.rpx"/>
  <File Type="ROUTE-BUS-SKEW-PB" Name="project_design_wrapper_bus_skew_routed.pb"/>
  <File Type="ROUTE-BUS-SKEW-RPX" Name="project_design_wrapper_bus_skew_routed.rpx"/>
  <File Type="OPT-DCP" Name="project_design_wrapper_opt.dcp"/>
  <File Type="PLACE-DCP" Name="project_design_wrapper_placed.dcp"/>
  <File Type="PWROPT-DCP" Name="project_design_wrapper_pwropt.dcp"/>
  <File Type="POSTPLACE-PWROPT-DCP" Name="project_design_wrapper_postplace_pwropt.dcp"/>
  <File Type="PHYSOPT-DCP" Name="project_design_wrapper_physopt.dcp"/>
  <File Type="POSTROUTE-PHYSOPT-DCP" Name="project_design_wrapper_postroute_physopt.dcp"/>
  <File Type="POSTROUTE-PHYSOPT-BLACKBOX-DCP" Name="project_design_wrapper_postroute_physopt_bb.dcp"/>
  <File Type="ROUTE-METHODOLOGY-DRC" Name="project_design_wrapper_methodology_drc_routed.rpt"/>
  <File Type="ROUTE-METHODOLOGY-DRC-PB" Name="project_design_wrapper_methodology_drc_routed.pb"/>
  <File Type="ROUTE-DRC-RPX" Name="project_design_wrapper_drc_routed.rpx"/>
  <File Type="ROUTE-METHODOLOGY-DRC-RPX" Name="project_design_wrapper_methodology_drc_routed.rpx"/>
  <File Type="PDI-FILE" Name="project_design_wrapper.pdi"/>
  <File Type="RCFI_FILE" Name="project_design_wrapper.rcfi"/>
  <File Type="CFI_FILE" Name="project_design_wrapper.cfi"/>
  <File Type="RNPI_FILE" Name="project_design_wrapper.rnpi"/>
  <File Type="NPI_FILE" Name="project_design_wrapper.npi"/>
  <File Type="RBD_FILE" Name="project_design_wrapper.rbd"/>
  <File Type="ROUTE-RQS" Name="project_design_wrapper_routed.rqs"/>
  <File Type="POSTROUTE-PHYSOPT-RQS" Name="project_design_wrapper_postroute_physopted.rqs"/>
  <File Type="ROUTE-RQS-RPT" Name="route_report_qor_suggestions_0.rpt"/>
  <File Type="POSTROUTE-PHYSOPT-RQS-RPT" Name="postroute_physopt_report_qor_suggestions_0.rpt"/>
  <FileSet Name="sources" Type="DesignSrcs" RelSrcDir="$PSRCDIR/sources_1" RelGenDir="$PGENDIR/sources_1">
    <Filter Type="Srcs"/>
    <File Path="$PSRCDIR/sources_1/new/ov7670_axis.vhd">
      <FileInfo>
        <Attr Name="ImportPath" Val="$PPRDIR/../../../../../../../../Desktop/SoC_projekt/project.srcs/sources_1/new/ov7670_axis.vhd"/>
        <Attr Name="ImportTime" Val="1704125915"/>
        <Attr Name="UsedIn" Val="synthesis"/>
        <Attr Name="UsedIn" Val="simulation"/>
      </FileInfo>
    </File>
    <File Path="$PSRCDIR/sources_1/bd/project_design/project_design.bd">
      <FileInfo>
        <Attr Name="ImportPath" Val="$PPRDIR/../../../../../../../../Desktop/SoC_projekt/project.srcs/sources_1/bd/project_design/project_design.bd"/>
        <Attr Name="ImportTime" Val="1706234285"/>
        <Attr Name="UsedIn" Val="synthesis"/>
        <Attr Name="UsedIn" Val="implementation"/>
        <Attr Name="UsedIn" Val="simulation"/>
      </FileInfo>
    </File>
    <File Path="$PSRCDIR/sources_1/imports/hdl/project_design_wrapper.vhd">
      <FileInfo>
        <Attr Name="ImportPath" Val="$PPRDIR/../../../../../../../../Desktop/SoC_projekt/project.gen/sources_1/bd/project_design/hdl/project_design_wrapper.vhd"/>
        <Attr Name="ImportTime" Val="1704135904"/>
        <Attr Name="UsedIn" Val="synthesis"/>
        <Attr Name="UsedIn" Val="simulation"/>
      </FileInfo>
    </File>
    <Config>
      <Option Name="DesignMode" Val="RTL"/>
      <Option Name="TopModule" Val="project_design_wrapper"/>
      <Option Name="TopAutoSet" Val="TRUE"/>
    </Config>
  </FileSet>
  <FileSet Name="constrs_in" Type="Constrs" RelSrcDir="$PSRCDIR/constrs_1">
    <Filter Type="Constrs"/>
    <File Path="$PSRCDIR/constrs_1/new/zedboard_constraints.xdc">
      <FileInfo>
        <Attr Name="ImportPath" Val="$PPRDIR/../../../../../../../../Desktop/SoC_projekt/project.srcs/constrs_1/new/zedboard_constraints.xdc"/>
        <Attr Name="ImportTime" Val="1704155375"/>
        <Attr Name="UsedIn" Val="synthesis"/>
        <Attr Name="UsedIn" Val="implementation"/>
      </FileInfo>
    </File>
    <Config>
      <Option Name="TargetConstrsFile" Val="$PSRCDIR/constrs_1/new/zedboard_constraints.xdc"/>
      <Option Name="ConstrsType" Val="XDC"/>
    </Config>
  </FileSet>
  <FileSet Name="utils" Type="Utils" RelSrcDir="$PSRCDIR/utils_1">
    <Filter Type="Utils"/>
    <File Path="$PSRCDIR/utils_1/imports/synth_1/project_design_wrapper.dcp">
      <FileInfo>
        <Attr Name="ImportPath" Val="$PPRDIR/../../../../../../../../Desktop/SoC_projekt/project.srcs/utils_1/imports/synth_1/project_design_wrapper.dcp"/>
        <Attr Name="ImportTime" Val="1704504135"/>
        <Attr Name="UsedIn" Val="synthesis"/>
        <Attr Name="UsedIn" Val="implementation"/>
        <Attr Name="UsedInSteps" Val="synth_1"/>
        <Attr Name="AutoDcp" Val="1"/>
      </FileInfo>
    </File>
    <Config>
      <Option Name="TopAutoSet" Val="TRUE"/>
    </Config>
  </FileSet>
  <Strategy Version="1" Minor="2">
    <StratHandle Name="Vivado Implementation Defaults" Flow="Vivado Implementation 2022"/>
    <Step Id="init_design"/>
    <Step Id="opt_design"/>
    <Step Id="power_opt_design"/>
    <Step Id="place_design"/>
    <Step Id="post_place_power_opt_design"/>
    <Step Id="phys_opt_design"/>
    <Step Id="route_design"/>
    <Step Id="post_route_phys_opt_design"/>
    <Step Id="write_bitstream"/>
    <Step Id="write_device_image"/>
  </Strategy>
  <BlockFileSet Type="BlockSrcs" Name="project_design_processing_system7_0_0"/>
</GenRun>
