<?xml version="1.0" encoding="UTF-8" standalone="no"?> 
<!--   ** **        **          **  ****      **  **********  ********** ®   
      **   **        **        **   ** **     **  **              **
     **     **        **      **    **  **    **  **              **
    **       **        **    **     **   **   **  *********       **
   **         **        **  **      **    **  **  **              **
  **           **        ****       **     ** **  **              **
 **  .........  **        **        **      ****  **********      **
    ...........
                                    Reach Further™
 Copyright (C) 2021, Avnet Inc - All rights reserved
 Licensed under the Apache License, Version 2.0 (the "License"). You may
 not use this file except in compliance with the License. A copy of the
 License is located at
     http://www.apache.org/licenses/LICENSE-2.0
 Unless required by applicable law or agreed to in writing, software
 distributed under the License is distributed on an "AS IS" BASIS, WITHOUT
 WARRANTIES OR CONDITIONS OF ANY KIND, either express or implied. See the
 License for the specific language governing permissions and limitations
 under the License. -->
<part_info part_name="xc7z020clg484-1">
<pins>
	<pin index="0" name ="btns_5bits_tri_i_0" iostandard="LVCMOS25" loc="P16"/>
	<pin index="1" name ="btns_5bits_tri_i_1" iostandard="LVCMOS25" loc="R16"/>
	<pin index="2" name ="btns_5bits_tri_i_2" iostandard="LVCMOS25" loc="N15"/>
	<pin index="3" name ="btns_5bits_tri_i_3" iostandard="LVCMOS25" loc="R18"/>
	<pin index="4" name ="btns_5bits_tri_i_4" iostandard="LVCMOS25" loc="T18"/>
	<pin index="5" name ="leds_8bits_tri_o_0" iostandard="LVCMOS33" loc="T22"/>
	<pin index="6" name ="leds_8bits_tri_o_1" iostandard="LVCMOS33" loc="T21"/>
	<pin index="7" name ="leds_8bits_tri_o_2" iostandard="LVCMOS33" loc="U22"/>
	<pin index="8" name ="leds_8bits_tri_o_3" iostandard="LVCMOS33" loc="U21"/>
	<pin index="9" name ="leds_8bits_tri_o_4" iostandard="LVCMOS33" loc="V22"/>
	<pin index="10" name ="leds_8bits_tri_o_5" iostandard="LVCMOS33" loc="W22"/>
	<pin index="11" name ="leds_8bits_tri_o_6" iostandard="LVCMOS33" loc="U19"/>
	<pin index="12" name ="leds_8bits_tri_o_7" iostandard="LVCMOS33" loc="U14"/>
	<pin index="13" name ="sws_8bits_tri_i_0" iostandard="LVCMOS25" loc="F22"/>
	<pin index="14" name ="sws_8bits_tri_i_1" iostandard="LVCMOS25" loc="G22"/>
	<pin index="15" name ="sws_8bits_tri_i_2" iostandard="LVCMOS25" loc="H22"/>
	<pin index="16" name ="sws_8bits_tri_i_3" iostandard="LVCMOS25" loc="F21"/>
	<pin index="17" name ="sws_8bits_tri_i_4" iostandard="LVCMOS25" loc="H19"/>
	<pin index="18" name ="sws_8bits_tri_i_5" iostandard="LVCMOS25" loc="H18"/>
	<pin index="19" name ="sws_8bits_tri_i_6" iostandard="LVCMOS25" loc="H17"/>
	<pin index="20" name ="sws_8bits_tri_i_7" iostandard="LVCMOS25" loc="M15"/>
	<pin index="21" name ="sys_clk" iostandard="LVCMOS33" loc="Y9"/>
  
    <pin index="30" name="fmc_lpc_la07_p" iostandard="LVCMOS25" loc="T16"/>
    <pin index="31" name="fmc_lpc_la07_n" iostandard="LVCMOS25" loc="T17"/>
    <pin index="32" name="fmc_lpc_la14_p" iostandard="LVCMOS25" loc="K19"/>
    <pin index="33" name="fmc_lpc_la14_n" iostandard="LVCMOS25" loc="K20"/>
    <pin index="34" name="fmc_lpc_la10_p" iostandard="LVCMOS25" loc="T19"/>
    <pin index="35" name="fmc_lpc_la10_n" iostandard="LVCMOS25" loc="R19"/>
    <pin index="36" name="fmc_lpc_la05_p" iostandard="LVCMOS25" loc="J18"/>
    <pin index="37" name="fmc_lpc_la05_n" iostandard="LVCMOS25" loc="K18"/>
	
    <pin index="38" name="fmc_lpc_la09_p" iostandard="LVCMOS25" loc="R20"/>
    <pin index="39" name="fmc_lpc_la09_n" iostandard="LVCMOS25" loc="R21"/>
    <pin index="40" name="fmc_lpc_la06_p" iostandard="LVCMOS25" loc="L21"/>
    <pin index="41" name="fmc_lpc_la06_n" iostandard="LVCMOS25" loc="L22"/>
    <pin index="42" name="fmc_lpc_la08_p" iostandard="LVCMOS25" loc="J21"/>
    <pin index="43" name="fmc_lpc_la08_n" iostandard="LVCMOS25" loc="J22"/>
    <pin index="44" name="fmc_lpc_la03_p" iostandard="LVCMOS25" loc="N22"/>
    <pin index="45" name="fmc_lpc_la03_n" iostandard="LVCMOS25" loc="P22"/>
	
    <pin index="46" name="fmc_lpc_la02_p" iostandard="LVCMOS25" loc="P17"/>
    <pin index="47" name="fmc_lpc_la02_n" iostandard="LVCMOS25" loc="P18"/>
    <pin index="48" name="fmc_lpc_la00_p" iostandard="LVCMOS25" loc="M19"/>
    <pin index="49" name="fmc_lpc_la00_n" iostandard="LVCMOS25" loc="M20"/>
	
    <pin index="50" name="fmc_lpc_clk0_m2c_p" iostandard="LVCMOS25" loc="L18"/>
    <pin index="51" name="fmc_lpc_clk0_m2c_n" iostandard="LVCMOS25" loc="L19"/>
    <pin index="52" name="fmc_lpc_clk1_m2c_p" iostandard="LVCMOS25" loc="D18"/>
    <pin index="53" name="fmc_lpc_clk1_m2c_n" iostandard="LVCMOS25" loc="C19"/>
		
    <pin index="54" name="fmc_lpc_la01_p" iostandard="LVCMOS25" loc="N19"/>
    <pin index="55" name="fmc_lpc_la01_n" iostandard="LVCMOS25" loc="N20"/>
    <pin index="56" name="fmc_lpc_la04_p" iostandard="LVCMOS25" loc="M21"/>
    <pin index="57" name="fmc_lpc_la04_n" iostandard="LVCMOS25" loc="M22"/>
	
    <pin index="58" name="fmc_lpc_la12_p" iostandard="LVCMOS25" loc="P20"/>
    <pin index="59" name="fmc_lpc_la12_n" iostandard="LVCMOS25" loc="P21"/>
    <pin index="60" name="fmc_lpc_la11_p" iostandard="LVCMOS25" loc="N17"/>
    <pin index="61" name="fmc_lpc_la11_n" iostandard="LVCMOS25" loc="N18"/>
    <pin index="62" name="fmc_lpc_la15_p" iostandard="LVCMOS25" loc="J16"/>
    <pin index="63" name="fmc_lpc_la15_n" iostandard="LVCMOS25" loc="J17"/>
	
    <pin index="64" name="fmc_lpc_la16_p" iostandard="LVCMOS25" loc="J20"/>
    <pin index="65" name="fmc_lpc_la16_n" iostandard="LVCMOS25" loc="K21"/>
    <pin index="66" name="fmc_lpc_la13_p" iostandard="LVCMOS25" loc="L17"/>
    <pin index="67" name="fmc_lpc_la13_n" iostandard="LVCMOS25" loc="M17"/>
	
    <pin index="68" name="fmc_lpc_la23_p" iostandard="LVCMOS25" loc="E15"/>
    <pin index="69" name="fmc_lpc_la23_n" iostandard="LVCMOS25" loc="D15"/>
    <pin index="70" name="fmc_lpc_la26_p" iostandard="LVCMOS25" loc="E18"/>
    <pin index="71" name="fmc_lpc_la26_n" iostandard="LVCMOS25" loc="F18"/>
    <pin index="72" name="fmc_lpc_la22_p" iostandard="LVCMOS25" loc="G19"/>
    <pin index="73" name="fmc_lpc_la22_n" iostandard="LVCMOS25" loc="F19"/>
    <pin index="74" name="fmc_lpc_la25_p" iostandard="LVCMOS25" loc="D22"/>
    <pin index="75" name="fmc_lpc_la25_n" iostandard="LVCMOS25" loc="C22"/>
	
    <pin index="76" name="fmc_lpc_la29_p" iostandard="LVCMOS25" loc="C17"/>
    <pin index="77" name="fmc_lpc_la29_n" iostandard="LVCMOS25" loc="C18"/>
    <pin index="78" name="fmc_lpc_la31_p" iostandard="LVCMOS25" loc="B16"/>
    <pin index="79" name="fmc_lpc_la31_n" iostandard="LVCMOS25" loc="B17"/>
	
    <pin index="80" name="fmc_lpc_la33_p" iostandard="LVCMOS25" loc="B21"/>
    <pin index="81" name="fmc_lpc_la33_n" iostandard="LVCMOS25" loc="B22"/>
    <pin index="82" name="fmc_lpc_la27_p" iostandard="LVCMOS25" loc="E21"/>
    <pin index="83" name="fmc_lpc_la27_n" iostandard="LVCMOS25" loc="D21"/>
    <pin index="84" name="fmc_lpc_la17_p" iostandard="LVCMOS25" loc="B19"/>
    <pin index="85" name="fmc_lpc_la17_n" iostandard="LVCMOS25" loc="B20"/>
	
    <pin index="86" name="fmc_lpc_la18_p" iostandard="LVCMOS25" loc="D20"/>
    <pin index="87" name="fmc_lpc_la18_n" iostandard="LVCMOS25" loc="C20"/>
	
    <pin index="88" name="fmc_lpc_la24_p" iostandard="LVCMOS25" loc="A18"/>
    <pin index="89" name="fmc_lpc_la24_n" iostandard="LVCMOS25" loc="A19"/>
    <pin index="90" name="fmc_lpc_la28_p" iostandard="LVCMOS25" loc="A16"/>
    <pin index="91" name="fmc_lpc_la28_n" iostandard="LVCMOS25" loc="A17"/>
	
    <pin index="92" name="fmc_lpc_la30_p" iostandard="LVCMOS25" loc="C15"/>
    <pin index="93" name="fmc_lpc_la30_n" iostandard="LVCMOS25" loc="B15"/>
    <pin index="94" name="fmc_lpc_la32_p" iostandard="LVCMOS25" loc="A21"/>
    <pin index="95" name="fmc_lpc_la32_n" iostandard="LVCMOS25" loc="A22"/>
    <pin index="96" name="fmc_lpc_la19_p" iostandard="LVCMOS25" loc="G15"/>
    <pin index="97" name="fmc_lpc_la19_n" iostandard="LVCMOS25" loc="G16"/>
    <pin index="98" name="fmc_lpc_la20_p" iostandard="LVCMOS25" loc="G20"/>
    <pin index="99" name="fmc_lpc_la20_n" iostandard="LVCMOS25" loc="G21"/>
    <pin index="100" name="fmc_lpc_la21_p" iostandard="LVCMOS25" loc="E19"/>
    <pin index="101" name="fmc_lpc_la21_n" iostandard="LVCMOS25" loc="E20"/>
  
</pins>
</part_info>
