{
  "version": "2022.1",
  "applications": [],
  "platforms": [
    {
      "name": "soc_project_vitis"
    }
  ],
  "systems": [
    {
      "name": "soc_project_system",
      "platform": "C:/Users/iwanc/vitis/workspace/soc_project_vitis/export/soc_project_vitis/soc_project_vitis.xpfm",
      "sysConfig": "soc_project_vitis",
      "buildConfig": "Debug",
      "applications": [
        {
          "name": "soc_project",
          "platform": "C:/Users/iwanc/vitis/workspace/soc_project_vitis/export/soc_project_vitis/soc_project_vitis.xpfm",
          "platformPath": "C:\\Users\\iwanc\\vitis\\workspace\\soc_project_vitis\\export\\soc_project_vitis",
          "sysConfig": "soc_project_vitis",
          "domain": "freertos10_xilinx_domain",
          "system": "soc_project_system"
        }
      ],
      "platformPath": "C:\\Users\\iwanc\\vitis\\workspace\\soc_project_vitis\\export\\soc_project_vitis"
    }
  ],
  "others": []
}