<?xml version="1.0" encoding="UTF-8"?>
<GenRun Id="project_design_processing_system7_0_0_synth_1" LaunchPart="xc7z020clg484-1" LaunchTime="1704504064">
  <File Type="PA-TCL" Name="project_design_processing_system7_0_0.tcl"/>
  <File Type="REPORTS-TCL" Name="project_design_processing_system7_0_0_reports.tcl"/>
  <File Type="RDS-RDS" Name="project_design_processing_system7_0_0.vds"/>
  <File Type="RDS-UTIL" Name="project_design_processing_system7_0_0_utilization_synth.rpt"/>
  <File Type="RDS-UTIL-PB" Name="project_design_processing_system7_0_0_utilization_synth.pb"/>
  <File Type="RDS-DCP" Name="project_design_processing_system7_0_0.dcp"/>
  <FileSet Name="sources" Type="BlockSrcs" RelSrcDir="$PSRCDIR/project_design_processing_system7_0_0">
    <File Path="$PSRCDIR/sources_1/bd/project_design/ip/project_design_processing_system7_0_0/project_design_processing_system7_0_0.xci">
      <FileInfo>
        <Attr Name="Library" Val="xil_defaultlib"/>
        <Attr Name="ImportPath" Val="$PPRDIR/../../../../../../../../Desktop/SoC_projekt/project.srcs/sources_1/bd/project_design/ip/project_design_processing_system7_0_0/project_design_processing_system7_0_0.xci"/>
        <Attr Name="ImportTime" Val="1704503975"/>
        <Attr Name="UsedIn" Val="synthesis"/>
        <Attr Name="UsedIn" Val="implementation"/>
        <Attr Name="UsedIn" Val="simulation"/>
      </FileInfo>
    </File>
    <Config>
      <Option Name="TopModule" Val="project_design_processing_system7_0_0"/>
      <Option Name="UseBlackboxStub" Val="1"/>
    </Config>
  </FileSet>
  <FileSet Name="constrs_in" Type="BlockSrcs" RelSrcDir="$PSRCDIR/project_design_processing_system7_0_0">
    <File Path="$PSRCDIR/sources_1/bd/project_design/ip/project_design_processing_system7_0_0/project_design_processing_system7_0_0.xci">
      <FileInfo>
        <Attr Name="Library" Val="xil_defaultlib"/>
        <Attr Name="ImportPath" Val="$PPRDIR/../../../../../../../../Desktop/SoC_projekt/project.srcs/sources_1/bd/project_design/ip/project_design_processing_system7_0_0/project_design_processing_system7_0_0.xci"/>
        <Attr Name="ImportTime" Val="1704503975"/>
        <Attr Name="UsedIn" Val="synthesis"/>
        <Attr Name="UsedIn" Val="implementation"/>
        <Attr Name="UsedIn" Val="simulation"/>
      </FileInfo>
    </File>
    <Config>
      <Option Name="TopModule" Val="project_design_processing_system7_0_0"/>
      <Option Name="UseBlackboxStub" Val="1"/>
    </Config>
  </FileSet>
  <FileSet Name="utils" Type="Utils" RelSrcDir="$PSRCDIR/utils_1">
    <Filter Type="Utils"/>
    <File Path="$PSRCDIR/utils_1/imports/synth_1/project_design_wrapper.dcp">
      <FileInfo>
        <Attr Name="ImportPath" Val="$PPRDIR/../../../../../../../../Desktop/SoC_projekt/project.srcs/utils_1/imports/synth_1/project_design_wrapper.dcp"/>
        <Attr Name="ImportTime" Val="1704504135"/>
        <Attr Name="UsedIn" Val="synthesis"/>
        <Attr Name="UsedIn" Val="implementation"/>
        <Attr Name="UsedInSteps" Val="synth_1"/>
        <Attr Name="AutoDcp" Val="1"/>
      </FileInfo>
    </File>
    <Config>
      <Option Name="TopAutoSet" Val="TRUE"/>
    </Config>
  </FileSet>
  <Strategy Version="1" Minor="2">
    <StratHandle Name="Vivado Synthesis Defaults" Flow="Vivado Synthesis 2022"/>
    <Step Id="synth_design"/>
  </Strategy>
</GenRun>
